{"train_lr": 9.999999999999782e-05, "train_class_error": 92.36483833180877, "train_loss": 25.99649900791449, "train_loss_bbox": 1.2071508524931354, "train_loss_bbox_0": 1.2541346628686567, "train_loss_bbox_1": 1.2173513051493343, "train_loss_bbox_2": 1.2074089870501907, "train_loss_bbox_3": 1.205610142835291, "train_loss_bbox_4": 1.2022482258352367, "train_loss_ce": 1.505243944528299, "train_loss_ce_0": 1.5815896896314827, "train_loss_ce_1": 1.5431809038310855, "train_loss_ce_2": 1.5239529601294242, "train_loss_ce_3": 1.5150371800253402, "train_loss_ce_4": 1.5103935097461139, "train_loss_giou": 1.5829146094136424, "train_loss_giou_0": 1.6086550601375051, "train_loss_giou_1": 1.5888212436721438, "train_loss_giou_2": 1.5812733873918459, "train_loss_giou_3": 1.57973398126307, "train_loss_giou_4": 1.581798346850263, "train_cardinality_error_unscaled": 7.95115496482684, "train_cardinality_error_0_unscaled": 7.780717329545454, "train_cardinality_error_1_unscaled": 7.849118979978355, "train_cardinality_error_2_unscaled": 7.738864650974026, "train_cardinality_error_3_unscaled": 7.801973417207792, "train_cardinality_error_4_unscaled": 7.862359645562771, "train_class_error_unscaled": 92.36483833180877, "train_loss_bbox_unscaled": 0.24143017036638734, "train_loss_bbox_0_unscaled": 0.2508269325382524, "train_loss_bbox_1_unscaled": 0.2434702611153389, "train_loss_bbox_2_unscaled": 0.24148179734230557, "train_loss_bbox_3_unscaled": 0.24112202842352967, "train_loss_bbox_4_unscaled": 0.24044964568955557, "train_loss_ce_unscaled": 1.505243944528299, "train_loss_ce_0_unscaled": 1.5815896896314827, "train_loss_ce_1_unscaled": 1.5431809038310855, "train_loss_ce_2_unscaled": 1.5239529601294242, "train_loss_ce_3_unscaled": 1.5150371800253402, "train_loss_ce_4_unscaled": 1.5103935097461139, "train_loss_giou_unscaled": 0.7914573047068212, "train_loss_giou_0_unscaled": 0.8043275300687526, "train_loss_giou_1_unscaled": 0.7944106218360719, "train_loss_giou_2_unscaled": 0.7906366936959229, "train_loss_giou_3_unscaled": 0.789866990631535, "train_loss_giou_4_unscaled": 0.7908991734251315, "test_class_error": 87.00421886202655, "test_loss": 34.318174603619156, "test_loss_bbox": 1.700722397128238, "test_loss_bbox_0": 2.7096391780466975, "test_loss_bbox_1": 2.238163498383534, "test_loss_bbox_2": 2.049786579759815, "test_loss_bbox_3": 1.900025802322581, "test_loss_bbox_4": 1.7359129130085813, "test_loss_ce": 1.3778729770756974, "test_loss_ce_0": 1.441513660587842, "test_loss_ce_1": 1.4321119242076632, "test_loss_ce_2": 1.4147962407220769, "test_loss_ce_3": 1.3990385064595863, "test_loss_ce_4": 1.394561352609079, "test_loss_giou": 1.9075211316724368, "test_loss_giou_0": 2.8046278440499606, "test_loss_giou_1": 2.4432116248939613, "test_loss_giou_2": 2.287690847734862, "test_loss_giou_3": 2.0872481789770005, "test_loss_giou_4": 1.9937298403510564, "test_cardinality_error_unscaled": 14.992879746835444, "test_cardinality_error_0_unscaled": 16.761471518987342, "test_cardinality_error_1_unscaled": 19.135087025316455, "test_cardinality_error_2_unscaled": 17.504351265822784, "test_cardinality_error_3_unscaled": 16.764833860759495, "test_cardinality_error_4_unscaled": 16.307357594936708, "test_class_error_unscaled": 87.00421886202655, "test_loss_bbox_unscaled": 0.34014447919930085, "test_loss_bbox_0_unscaled": 0.5419278352320949, "test_loss_bbox_1_unscaled": 0.44763269756413715, "test_loss_bbox_2_unscaled": 0.4099573164801054, "test_loss_bbox_3_unscaled": 0.3800051600872716, "test_loss_bbox_4_unscaled": 0.34718258207357383, "test_loss_ce_unscaled": 1.3778729770756974, "test_loss_ce_0_unscaled": 1.441513660587842, "test_loss_ce_1_unscaled": 1.4321119242076632, "test_loss_ce_2_unscaled": 1.4147962407220769, "test_loss_ce_3_unscaled": 1.3990385064595863, "test_loss_ce_4_unscaled": 1.394561352609079, "test_loss_giou_unscaled": 0.9537605658362184, "test_loss_giou_0_unscaled": 1.4023139220249803, "test_loss_giou_1_unscaled": 1.2216058124469806, "test_loss_giou_2_unscaled": 1.143845423867431, "test_loss_giou_3_unscaled": 1.0436240894885003, "test_loss_giou_4_unscaled": 0.9968649201755282, "test_coco_eval_bbox": [0.0007358489524516635, 0.003124924427154249, 9.112317539084334e-05, 0.0017676039114150244, 0.0020768297340519903, 0.000904233506761656, 0.005192444949822528, 0.013748750446707411, 0.02440834153547129, 0.0029527709674953546, 0.014947573139351413, 0.048939176997583746], "n_parameters": 41302368}